s,x,y,heading,curvature,track_width, acc
0.0,3.0605590451009927,3.6529957155590718,-2.3332652845882245,-0.24938735671957862,3.898990145927558,0.0
0.03849669810223203,3.0338327926805913,3.625288497478174,-2.3431934349543253,-0.2663096687786225,3.8676567939365225,0.0
0.07750381144048289,3.006463921038938,3.5974949520908335,-2.3539062944669062,-0.2828692877265609,3.838055072804678,0.0
0.1203736605977295,2.9760326083867747,3.567300171662944,-2.366410736738352,-0.300378762952977,3.807453253614626,0.0
0.16988190571219203,2.940407535992859,3.5329222064220787,-2.381763867295718,-0.3196849621996404,3.774266959766751,0.0
0.22798433750984784,2.8979088700305873,3.4933042960892076,-2.400965956864916,-0.34106252406419396,3.7383389622367296,0.0
0.2956055575199784,2.8474687024829697,3.4482707013788065,-2.4248201543908894,-0.3641482607885547,3.725894698641559,0.0
0.3725801801157319,2.7887205235596495,3.3985418913114507,-2.45378403482274,-0.38799208469243385,3.700288491991641,0.0
0.458017004223949,2.7218069937881415,3.3454322512980945,-2.4879511102277876,-0.41130351017710987,3.6649317846881857,0.0
0.5505512782469487,2.6472795641160745,3.2906045557095633,-2.527028840765664,-0.4326816565009368,3.6404048103236755,0.0
0.6485996202534341,2.565986040448162,3.2358156257551585,-2.570377838944639,-0.4508538425368672,3.6333423518315375,0.0
0.7506450174190396,2.4788965565686016,3.1826655243150457,-2.61713897096963,-0.4648828079986014,3.629256220635262,0.0
0.8553990126274721,2.3869802145123193,3.1324607878668362,-2.666367463684748,-0.47426900040877984,3.6292895410503885,0.0
0.9617939656431893,2.2911913261363743,3.0862020203043934,-2.7171130018271468,-0.47895034557316246,3.6371723817839072,0.0
1.0690027095640733,2.1924139695023044,3.0445811142449495,-2.7685089511007006,-0.47924124027783555,3.6493332497954394,0.0
1.1763753331617668,2.091474037868594,3.008031818543091,-2.819804845409641,-0.4757233768499881,3.66432392856223,0.0
1.2834135014422483,1.989120994083286,2.9767697505021715,-2.8703938619587848,-0.46912605606685964,3.6824340367324173,0.0
1.3897552548115928,1.886005682734202,2.9508346160682497,-2.919823652863962,-0.460214746773864,3.7043675872017237,0.0
1.4951735180442514,1.782652843458542,2.9301323368532963,-2.9677956795665614,-0.4497039540898263,3.730625316343314,0.0
1.5995488789717434,1.679467616964817,2.914482060819214,-3.0141405869566773,-0.4382050519717852,3.7613457533085923,0.0
1.7028218216297792,1.57677159599595,2.903656145054822,-3.0587797440521682,-0.4262075483886498,3.796343036085113,0.0
1.8049511416465163,1.4748398150867783,2.897404569796787,-3.1016905850603176,-0.4140816010865144,3.8352061172805456,0.0
1.9058798253115625,1.3739341883790133,2.8954662159099676,3.1403067547841585,-0.4020913590260405,3.8773996689000483,0.0
2.0055095486593393,1.2743298514640387,2.897570358983979,3.1008287793887765,-0.39041194583291067,3.9223450407197924,0.0
2.103686306638935,1.1763304132268888,2.9034321980243107,3.063053203325992,-0.3791459729024288,3.9694773635342213,0.0
2.2002003522487934,1.080268315467025,2.9127467520036125,3.026982564830048,-0.3683378054230946,4.018281683569745,0.0
2.294803010120388,0.9864879050393679,2.92518571852789,2.9926268784133545,-0.35798526226033434,4.068312426675932,0.0
2.38724034408879,0.8953120308910592,2.9404013483043423,2.9599947530083206,-0.34804911625953067,4.119199940273224,0.0
2.4772989687110836,0.8069979310847125,2.9580394820579645,2.9290809149406534,-0.33846088879356173,4.170647162675639,0.0
2.5648537142801837,0.7216934661393097,2.977760560969282,2.8998541756958356,-0.32912927777841616,4.222418910133503,0.0
2.649903128296911,0.6394076398420789,2.9992636106677817,2.8722504555858888,-0.31994541123917675,4.274325667448992,0.0
2.7325781366939896,0.5600088771915568,3.0223052294804944,2.846174948553476,-0.31078736919231686,4.326203681611934,0.0
2.813115354862656,0.4832575233946951,3.0467055879982348,2.8215148553553937,-0.3015248004949055,4.377890712058306,0.0
2.8918307271022576,0.40883674814540866,3.072348175590503,2.7981504401487793,-0.29202981209855516,4.429201078978849,0.0
2.969101728112323,0.33637391409017575,3.0991775767842165,2.775960845606531,-0.2822089899017045,4.4799270892997125,0.0
3.0453505183239273,0.2654599811176759,3.127194655283196,2.754828987286113,-0.2719820078774483,4.530722271828938,0.0
3.121029811609602,0.1956652054792683,3.1564505199674766,2.7346472411491693,-0.2612689072201922,4.581370803672782,0.0
3.196619146555698,0.12654431571521996,3.187043149246714,2.7153207679990765,-0.24998543089194125,4.631356033912056,0.0
3.2726179876126427,0.05764402232003531,3.2191123057913518,2.6967722009110004,-0.2380403229375222,4.680406958914772,0.0
3.349537435414236,-0.011488904623070941,3.2528331617373283,2.678946958444553,-0.22533424399892396,4.72839201934091,0.0
3.427891285439698,-0.08129975815431989,3.288408800667871,2.6618188185878124,-0.21176010034461876,4.775244351230593,0.0
3.508184622756467,-0.15221673681757028,3.326060599270872,2.6453959329363466,-0.19720506701169305,4.822654157206087,0.0
3.590912174662973,-0.22465140893889818,3.3660221308274854,2.629724625395726,-0.18155203683192017,4.870873753044647,0.0
3.676545850396835,-0.29899064543268433,3.408527041486904,2.614895217114944,-0.164684085570586,4.9192055177967235,0.0
3.7655086900747072,-0.37557835670535106,3.4537883073345164,2.6010487769426573,-0.14649314871684818,4.9674590826020735,0.0
3.858147049962606,-0.4546978182041955,3.5019740402542694,2.5883809157424547,-0.1268910582650129,5.0160978128639275,0.0
3.9546993426058052,-0.5365530394068,3.5531792870693706,2.5771414694416213,-0.10582327147147727,5.066403478391421,0.0
4.055260869747033,-0.6212483320466847,3.6073942401085937,2.567628289071324,-0.08328527567967926,5.120544929632198,0.0
4.159731428596469,-0.7087538964347362,3.664462847850456,2.5601738623408568,-0.05934437065124189,5.181388602968845,0.0
4.267782808772731,-0.798886776900245,3.7240541138408014,2.555119143328318,-0.034157566882033405,5.252009609840404,0.0
4.378874252698363,-0.8913272816996691,3.785665685077041,2.552776925880899,-0.007976551931202131,5.335060087874911,0.0
4.492285262770792,-0.9856426481905914,3.8486459537394357,2.5533938258950237,0.01885579874835304,5.4320905442966545,0.0
4.607155205676812,-1.081308665049592,3.91222920381951,2.557116274603198,0.045916700270225035,5.392521767404681,0.0
4.722429179429617,-1.1776463271363198,3.975527535815341,2.5639578137889596,0.07270098140638934,5.298756222727015,0.0
4.836967986607235,-1.2738901170694314,4.037621097413242,2.5737793496543397,0.09866801305735169,5.214878261691171,0.0
4.949667570931609,-1.3692652029929793,4.097654018690839,2.586296768658046,0.12329877884392726,5.145818414185539,0.0
5.059432589251378,-1.462947362595208,4.154847155106615,2.6010947391029853,0.14612399194836573,5.103530567781854,0.0
5.165194669584669,-1.554066961252448,4.208529952844014,2.6176528305090385,0.16676296855505052,5.060378452721854,0.0
5.265813498730137,-1.6416188913051497,4.258106887604134,2.6353588302921853,0.18493521008545982,5.013611079203542,0.0
5.360303638025606,-1.7246625208054696,4.303177257283522,2.6535810613355717,0.2005203810882468,4.965676017016476,0.0
5.447995439245721,-1.8024809730022822,4.343593894718875,2.6717471153303713,0.21357106132647471,4.918827504578315,0.0
5.528688802057182,-1.8747450967133688,4.3794943574673075,2.6894215885793917,0.22429297402598264,4.874826363531923,0.0
5.602770739195331,-1.9416499166894088,4.411299073994927,2.7063666660593406,0.23299979538047946,4.834770416177785,0.0
5.671240423901873,-2.0039655293590495,4.439664865199747,2.722566813639337,0.24005333230137352,4.799075204637819,0.0
5.735601296545988,-2.0629591306233177,4.465392126362519,2.738206426722867,0.24581224292030074,4.7675964908945,0.0
5.797598536028499,-2.120164153878946,4.489289609649168,2.7535981689954703,0.2506033175462897,4.73985416222907,0.0
5.858956871578024,-2.1771384180703297,4.512063234857909,2.7691025857520737,0.2546654766857025,4.715281720457715,0.0
5.921221336362555,-2.2353106462391574,4.534260403213819,2.785070745095258,0.25814994196036367,4.693385248491842,0.0
5.985668373306005,-2.2958896724703974,4.556247909295107,2.801807156615593,0.26113878338360574,4.673828889409137,0.0
6.053265881714733,-2.3598182096608253,4.578211419346922,2.819548108374069,0.26366570612452783,4.6564568994352475,0.0
6.1246659431267005,-2.4277566332498,4.600169293727159,2.8384511439361715,0.26573713629033424,4.641268054016384,0.0
6.2002215400595775,-2.500089080490905,4.621997106882769,2.858593488431969,0.2673522013037581,4.626317013457461,0.0
6.280022045380819,-2.5769476513896863,4.643459981941665,2.8799782627872714,0.2685198953453932,4.608401941206432,0.0
6.363940203433826,-2.658248722323236,4.664248607826,2.902546602857367,0.269271617862852,4.587698364742256,0.0
6.4516799499410755,-2.7437319710832813,4.6840139739265325,2.9261924701674547,0.26966792750354435,4.56665442748149,0.0
6.542821357912978,-2.8329990096305084,4.702398343192005,2.9507783858920655,0.2697994957618365,4.54541447948669,0.0
6.636864508410258,-2.92555358389704,4.719061471062185,2.9761515857013445,0.26978313180181496,4.522529301907806,0.0
6.733268045991718,-3.0208390819379076,4.733700105464897,3.002158462725725,0.2697543979391914,4.497819956689486,0.0
6.831479740319376,-3.118270212896602,4.746060258211104,3.02865580032969,0.2698586743389479,4.47113499334316,0.0
6.930963730659593,-3.217262820306912,4.755943466633869,3.0555196350200227,0.27024235459983237,4.4423676991985905,0.0
7.031231412666662,-3.3172681465998672,4.763207863118134,3.0826535903380177,0.2710455239939455,4.411474451087083,0.0
7.13186517008393,-3.4178002014701447,4.767763081677046,3.1099940845853173,0.2723970296840213,4.378487276829855,0.0
7.232517133065822,-3.518437760026705,4.769560504979971,3.1375080647993223,0.2744118062480028,4.343525598167792,0.0
7.332903229264132,-3.61882082772469,4.768583473726745,-3.1179961685043662,0.27718983649392387,4.3068055421634615,0.0
7.432797258828059,-3.718646311072441,4.764838404038306,-3.0901316208293808,0.28081613072159683,4.268641057410161,0.0
7.532025002531303,-3.8176630006325185,4.758346981421386,-3.0620481562617416,0.28536115687365915,4.229435347744315,0.0
7.630458358313798,-3.9156659786712216,4.749139511233477,-3.0336947071651554,0.2908812360732158,4.189662529017385,0.0
7.7280095084828115,-4.012490574833184,4.737249447498075,-3.0050077419711503,0.29741850322969876,4.1498405834167515,0.0
7.824625137627322,-4.108006006670298,4.722709086311791,-2.975914205839307,0.305000107297322,4.110497412283497,0.0
7.920280737048351,-4.202108850222665,4.705546391018994,-2.9463343468834933,0.31363638905130303,4.072132534492508,0.0
8.014975042882208,-4.294716490652263,4.685782909199862,-2.9161845666187705,0.3233178342103747,4.035178087030648,0.0
8.108724659492939,-4.38576070419351,4.663432742733196,-2.8853804539788923,0.33401067191297235,3.9999638775923927,0.0
8.201558915067631,-4.475181520124953,4.638502539231022,-2.853840171040319,0.3456510940131642,3.9666912865110633,0.0
8.29351498991764,-4.562921513103483,4.610992481557748,-2.821488350684419,0.3581382352936968,3.9354191069594884,0.0
8.384634237780563,-4.648921514876857,4.58089795044957,-2.788260306512464,0.3713264358987693,3.9060614750489853,0.0
8.474962530779182,-4.73312043209814,4.54821058196827,-2.7541054583713573,0.38501799362473804,3.8783949397754625,0.0
8.564552370632542,-4.8154569240389105,4.512918773137428,-2.7189912342665905,0.398923624545911,3.8520700556228973,0.0
8.653464155695977,-4.895870659234924,4.475008618204771,-2.682914113071737,0.41258367173925875,3.826623880367042,0.0
8.741766019176508,-4.974302614358047,4.434466072349302,-2.6459071517751975,0.42552108447207837,3.801489173324516,0.0
8.829532746153864,-5.0506950489254665,4.391279371872615,-2.60803710814464,0.4373003866660167,3.7759966377944147,0.0
8.916844390081717,-5.124991512227916,4.345441129004049,-2.5693995171993085,0.4475494578749959,3.749366786030659,0.0
9.003784681246092,-5.19713686093205,4.296950063040972,-2.530112573458724,0.4559806337702687,3.7206875916140425,0.0
9.090439284366347,-5.267077250195624,4.245812353168263,-2.490309968492277,0.4624082459782878,3.694913158564668,0.0
9.176895344780032,-5.334761112255975,4.192041734140235,-2.4501323457175594,0.4667601726808801,3.6729404592345962,0.0
9.263237674384461,-5.400137312433603,4.135661206751012,-2.409719975986188,0.469081523867718,3.6541613485737883,0.0
9.349546321702988,-5.463154396050085,4.076703855520308,-2.369204981809967,0.4695306388853583,3.63811954402195,0.0
9.43589514215786,-5.52376036577226,4.015212842151389,-2.3287036795102893,0.4683681182931568,3.624409141501021,0.0
9.522350490661795,-5.581902174555046,3.9512411505860476,-2.2883098037078056,0.46594081049031627,3.6126501203791923,0.0
9.60897003211067,-5.637524886245936,3.8848512003976787,-2.2480888353473563,0.462663473754601,3.6002988708928534,0.0
9.695800649867403,-5.690569881811118,3.8161152619229615,-2.2080739376138228,0.45900107156528963,3.5636367552329795,0.0
9.782868653969913,-5.740968523974297,3.7451225613093575,-2.16826642434677,0.4554545898691765,3.5473120082922454,0.0
9.870219433142452,-5.788663379480482,3.6719458318260485,-2.1286144470751074,0.4525502372163955,3.537703215212402,0.0
9.957865164601241,-5.833575352832526,3.5966830144011306,-2.0890345557206844,0.4508163850538809,3.5303546195176136,0.0
10.04579764694082,-5.87561101240231,3.5194483331007835,-2.0494099106519266,0.4506618813049118,3.524970529274578,0.0
10.133994730342176,-5.9146654619447405,3.440367734827573,-2.0095988938952916,0.4523627765542451,3.5212207983426658,0.0
10.22242269589655,-5.950623033319749,3.359578234545737,-1.9694441451777167,0.4560907579655564,3.5187620886601687,0.0
10.311038009998125,-5.9833580881622455,3.2772282482254558,-1.9287806152612759,0.46192667496666107,3.517254811764254,0.0
10.399788461167754,-6.012736180435688,3.1934787935089775,-1.887443362230495,0.46986658985160773,3.5163761462303076,0.0
10.488613862885758,-6.038615875264266,3.1085053151739945,-1.84527561032461,0.47982010755208643,3.5158296188928304,0.0
10.577446516658354,-6.060851503895841,3.022499831346382,-1.8021375687618182,0.4916014992327749,3.5153518350185062,0.0
10.666211594708109,-6.079297093202778,2.9356730654654,-1.757916421347865,0.5049149598746295,3.514716984724091,0.0
10.754827523450006,-6.09381164412948,2.8482562309977597,-1.7125377304195721,0.5193364223946622,3.5137397218656563,0.0
10.84320633529614,-6.104265850781355,2.7605021701397097,-1.6659782288401404,0.5342957738586058,3.51227691663247,0.0
10.931253820989367,-6.110550253900642,2.67268561157064,-1.618279584168249,0.549064970135713,3.5102286424498104,0.0
11.018869177115642,-6.112584712272671,2.5851024021573537,-1.5695622143618104,0.5627590124167582,3.507538587799936,0.0
11.105943728873497,-6.1103289560165255,2.498067679511412,-1.520037662239997,0.5743572702999402,3.5041938964616777,0.0
11.192358162817142,-6.103793868586814,2.411913165041215,-1.4700175540884513,0.5827512087347501,3.5002242438930806,0.0
11.277977810245966,-6.09305297871993,2.3269837791794052,-1.4199136128478584,0.586969874452892,3.4956997918650647,0.0
11.362650492174897,-6.078251269667187,2.2436294614272305,-1.370194333036314,0.5867614977811713,3.4907275641429134,0.0
11.446206961092885,-6.059607069479406,2.1621941861702596,-1.3213286268945896,0.5822652448004662,3.485884844826013,0.0
11.528461691820866,-6.03740842266711,2.083005482098685,-1.2737575277510318,0.5738592355812603,3.4802927845831984,0.0
11.609214597390865,-6.0120054505772345,2.006365086666202,-1.227872042257439,0.56211443458293,3.474531859079212,0.0
11.688256885133752,-5.983798303921613,1.932538583712333,-1.1839950844340759,0.5477276909901131,3.469264806607978,0.0
11.765379209102369,-5.953221664142737,1.8617464208863064,-1.1423701901903607,0.5314475902683629,3.4643527231056326,0.0
11.840383105544928,-5.920726297674579,1.7941555356099557,-1.1031566930136585,0.5140058906535611,3.4599264162253336,0.0
11.913097445517783,-5.88675749888625,1.729869908672096,-1.0664295872595655,0.49606301356818044,3.4560817387391527,0.0
11.983398271934764,-5.851731439446778,1.6689212335263084,-1.0321834067068918,0.47817185134544304,3.404437751404903,0.0
12.051218746727264,-5.8160169939256985,1.611270336022653,-1.0003442846029895,0.46076303734692603,3.3952562191454416,0.0
12.116632615164482,-5.779878388997362,1.5567484519289918,-0.970749750197155,0.4441272257068383,3.390778407567247,0.0
12.17979132282893,-5.743496032023099,1.5051238289670494,-0.9431969361252778,0.42844681635367593,3.398415724421089,0.0
12.240980348478422,-5.706927780222828,1.4560658867035867,-0.9174317743820452,0.41380391057107124,3.4125938073615196,0.0
12.300632442133683,-5.670092862880278,1.4091465093659459,-0.8931566814674268,0.4002028665992779,3.434564682388475,0.0
12.359338499862883,-5.632758286976148,1.363842799602161,-0.8700363225609313,0.38759484918646764,3.4615495685385733,0.0
12.41784027773892,-5.594537517378214,1.3195534921266947,-0.8477079280674933,0.37588118962992934,3.4905167414248024,0.0
12.476972199046763,-5.5549247374965836,1.2756520993303104,-0.8258105610131076,0.36487500792774474,3.5199359921066353,0.0
12.537592994318029,-5.513341054954425,1.2315431289712722,-0.8040127754196716,0.35440205759432986,3.5502540426002747,0.0
12.600531243241083,-5.469175579366433,1.1867039216546507,-0.782028129193075,0.34433175614132994,3.5826163750397138,0.0
12.66653463451127,-5.421827088802719,1.1407204348988746,-0.7596270669190103,0.3345775037921679,3.6183879584449863,0.0
12.736223325310025,-5.370746126725102,1.0933163359744291,-0.7366456219781813,0.3250932472560406,3.658920679266409,0.0
12.810051860038664,-5.315474417476717,1.0443717732595876,-0.7129896900250204,0.31586621171738594,3.7054030265564735,0.0
12.88828548381844,-5.255676750737761,0.993927844545955,-0.6886336550295648,0.3069062431058891,3.7587313322117866,0.0
12.970995755632933,-5.191160157583117,0.9421744797179249,-0.6636129908201286,0.2982331125590964,3.8194079022259033,0.0
13.058075402455007,-5.121878189198684,0.8894237761074087,-0.6380122649676783,0.2898640702925415,3.887491960855898,0.0
13.149267756669634,-5.0479216300875525,0.8360742155876614,-0.6119510894872646,0.28180400907382064,3.962621052124784,0.0
13.2442035822987,-4.9694996539892085,0.7825724497673671,-0.5855706378450241,0.27403984127992226,4.044092144771935,0.0
13.342438696700325,-4.886915981129654,0.7293781162824098,-0.5590224202955489,0.2665394927865722,4.1309668551615,0.0
13.443488300906063,-4.800543475928074,0.6769347444959891,-0.5324597808132758,0.25925483797707505,4.222163632909827,0.0
13.546856636338621,-4.710798945006197,0.6256476045119491,-0.5060316638830887,0.2521272566315659,4.316524359276506,0.0
13.652062270408713,-4.618118684535791,0.5758680985279823,-0.4798778667084557,0.2450943113976484,4.41307281450726,0.0
13.758666601728192,-4.522928812646145,0.5278809441745821,-0.45412325450568863,0.23810544599143776,4.51146465804276,0.0
13.866308888399265,-4.425607623442893,0.48189349929797903,-0.428868161349173,0.23115028150645722,4.609652629614443,0.0
13.974666451933967,-4.326514687240705,0.4380602065055707,-0.40419697674777355,0.22422697323994809,4.706595932299853,0.0
14.083457624398646,-4.22598333486647,0.39648632686483964,-0.3801785263335399,0.21733239448992073,4.8018101856414885,0.0
14.19244169579851,-4.124316346536921,0.3572333952598684,-0.3568673667285198,0.21046299303374733,4.895106592243485,0.0
14.301416785143639,-4.0217842049528185,0.320325458315653,-0.33430540590260316,0.20361548155122405,4.986453445835312,0.0
14.41021669861306,-3.9186250027999066,0.2857553328568086,-0.31252357171201384,0.19678733038946256,5.075904204563606,0.0
14.51870745206689,-3.815045348088617,0.25349046025384364,-0.29154338154478515,0.18997706978617143,5.16355972015388,0.0
14.626783814586094,-3.7112218586240218,0.22347816609602,-0.27137835687591433,0.18318443138832466,5.24954788525139,0.0
14.734366037218992,-3.6073029995138635,0.1956502659164516,-0.252035273717059,0.17641036712094707,5.334012341358937,0.0
14.84139682783512,-3.503411114235748,0.16992702494868325,-0.2335152601824785,0.16965698312530053,5.417106059061153,0.0
14.947838580780058,-3.3996445564272997,0.14622051202923625,-0.21581475874831804,0.1629274219774764,5.498987644664431,0.0
15.05367084561448,-3.2960798630804176,0.12443740137643518,-0.19892637069726973,0.1562257202551325,5.579819238216092,0.0
15.158888009636415,-3.1927739299474935,0.10448128005735767,-0.1828395976035092,0.14955666211687965,5.6597653802366255,0.0
15.263497167115416,-3.089766162156876,0.08625451827280284,-0.1675414914394579,0.1429256435996841,5.7389924921741775,0.0
15.367516150382139,-2.987080580414719,0.06965975667270799,-0.15301722186118966,0.13633855715406504,5.817668760883975,0.0
15.47097170193154,-2.88472786765797,0.0546010610972797,-0.13925056681466555,0.12980170164714508,5.8959642969082156,0.0
15.57389777150273,-2.7827073435788785,0.04098479106992354,-0.1262243308595135,0.12332171965741329,5.9740514872469355,0.0
15.676333926723954,-2.681008856080372,0.028720224424616515,-0.11392069453080986,0.11690556131510574,6.052105480060128,0.0
15.778323870201307,-2.5796145796977146,0.01771997672604924,-0.10232149751985053,0.11056047209563247,6.13030475681344,0.0
15.87991405989404,-2.47850071143374,0.007900250662814988,-0.09140845832087288,0.10429400072675217,6.208831735175306,0.0
15.981152433083722,-2.3776390545821404,-0.0008190526165961373,-0.08116333317634217,0.09811402261971942,6.28787331097758,0.0
16.082087237662826,-2.2769984806058288,-0.008514331258443713,-0.07156801752608999,0.0920287738529181,6.367621112163248,0.0
16.18276597948071,-2.1765462564488733,-0.015258363477512232,-0.06260459353825154,0.08604689054782476,6.447903709559516,0.0
16.28323385041794,-2.076249869582327,-0.021120412661769367,-0.05425537990207822,0.08017748610288078,6.527987113906439,0.0
16.383532048931823,-1.9760789405484387,-0.026166389110358155,-0.04650293336844938,0.0744302338004372,6.607885735553818,0.0
16.48369859366446,-1.8760046241531965,-0.030459155767508083,-0.03932982211498569,0.0688153036125534,6.6876000984000195,0.0
16.58376761367271,-1.77600050971959,-0.03405871120639349,-0.032718525561022706,0.0633433886568702,6.7671178554740505,0.0
16.68376874687344,-1.6760433953745701,-0.03702236802685028,-0.02665130715792117,0.05802571972487219,6.846415341775172,0.0
16.783726633292055,-1.5761139512709474,-0.03940491474705325,-0.02111006767922666,0.052874066607726256,6.92545953929905,0.0
16.883660488504717,-1.4761972879696224,-0.041258752178250105,-0.016076186174480922,0.0479007254575573,7.004210297752843,0.0
16.983584147857115,-1.3762830425454384,-0.04263400390337941,-0.011530404212230679,0.04311581460012939,7.082622625270548,0.0
17.083507783978327,-1.276363783958001,-0.04357862763004425,-0.0074533265614543836,0.038519082932200625,7.160649286172586,0.0
17.18343906706782,-1.1764339537975164,-0.044138533703902166,-0.0038260131362602297,0.034107681052796074,7.238244230148177,0.0
17.283383550379533,-1.0764895752182577,-0.044357689317095,-0.0006299725276169794,0.029878830821129077,7.315364157393048,0.0
17.383344992577573,-0.9765280164654556,-0.044278200724335186,0.002152899099704109,0.025829856110747177,7.391968889107023,0.0
17.483325638623068,-0.876547786866903,-0.04394037704181146,0.00454037043030189,0.021958205803330636,7.468020742285762,0.0
17.583326461930344,-0.7765483634313158,-0.04338277934607465,0.006549919983398441,0.018261469974302315,7.543482732476075,0.0
17.68334737129103,-0.6765300452726776,-0.0426422581353848,0.008198774745750577,0.014737390058391572,7.6183154155518915,0.0
17.7833873866741,-0.5764938323479104,-0.04175398164051032,0.009503943364173699,0.011383863667155786,7.692472167444342,0.0
17.8834447883876,-0.4764413245261254,-0.04075145698242851,0.010482244631331303,0.008198944654381706,7.765892722403909,0.0
17.983517244202456,-0.3763746368252449,-0.039666545773216245,0.011150331828370027,0.005180838980534098,7.838494909439355,0.0
18.083601918905895,-0.2762963267343689,-0.03852947544055666,0.011524713337218145,0.0023278969050434728,7.91029751288189,0.0
18.18369551576164,-0.17620938449021806,-0.03736884795271947,0.01162176983138887,-0.0003613965489318416,7.981272580597638,0.0
18.28379440631509,-0.07611713020177382,-0.03621164499895158,0.011457768767162915,-0.002888436689287879,8.051388823095186,0.0
18.38389469785992,0.023976831199580217,-0.0350832320703654,0.011048875308313005,-0.005254514660702522,8.120613338518176,0.0
18.483992295745942,0.1240686540725146,-0.03400736152520703,0.01041116038727617,-0.0074608346348199635,8.188913845883972,0.0
18.584082961417636,0.224154295849807,-0.03300617519649529,0.009560605982928199,-0.009508532156516683,8.25626128177178,0.0
18.684162367052593,0.32422956108794365,-0.0321002070463362,0.008513107715056867,-0.011398693150802051,8.322632527900758,0.0
18.784226147617453,0.42429014632706935,-0.03130838632318815,0.007284474877950767,-0.013132373125110347,8.388012993057346,0.0
18.88426995108498,0.5243316862325561,-0.030648041634033767,0.005890428060315427,-0.014710616131130328,8.452398783391507,0.0
18.984289487464928,0.6243498013973838,-0.0301349063008894,0.004346594525640892,-0.01613447308037884,8.515798257840164,0.0
19.084280577200996,0.7243401480825524,-0.029783125328555777,0.0026685015554479457,-0.017405019039643727,8.578232856589354,0.0
19.18423919937168,0.8242984700562097,-0.02960526426652156,0.0008715679867612325,-0.018523369166871136,8.639737192030895,0.0
19.284161540020705,0.9242206525786519,-0.029612320201167053,-0.0010289057965379121,-0.019490692985757115,8.700358473714955,0.0
19.384044040839026,1.0241027784758854,-0.029813735064182598,-0.003017749132400123,-0.020308226738299018,8.7601553853147,0.0
19.48388344832243,1.1239411861471393,-0.030217411389154764,-0.005079933299777948,-0.020977283598566335,8.819196543469547,0.0
19.583676863453068,1.2237325292783792,-0.030829730590773326,-0.00720058435949941,-0.021499261577553087,8.877558645436054,0.0
19.68342179189461,1.3234738379794782,-0.03165557378074916,-0.009364996273878465,-0.021875648997236912,8.93532436718058,0.0
19.783116194649644,1.423162581028065,-0.03269834507222116,-0.01155864395352437,-0.022108027460898558,8.992580015320787,0.0
19.882758539101225,1.5227967288852209,-0.033959997261227184,-0.013767195877103892,-0.022198072295234038,9.049412872822316,0.0
19.98234785034467,1.6223748171432795,-0.0354410597108065,-0.015976525932919795,-0.022147550486702153,9.105908111648413,0.0
20.08188376270856,1.721896010072179,-0.0371406682015409,-0.018172724139867286,-0.02195831617882005,9.162145068584039,0.0
20.18136657136671,1.821360163948756,-0.03905659645286144,-0.020342105919235864,-0.021632303837748914,9.218457957825418,0.0
20.280797210675114,1.9207678166214102,-0.0411852873166401,-0.02247121805591603,-0.02117151961843462,9.27584477345513,0.0
20.380177064239735,2.0201200081877326,-0.043521879844485044,-0.02454683941239867,-0.02057803241629552,9.230732402122168,0.0
20.479507887900184,2.119418213770448,-0.04606023698153137,-0.026555982770191937,-0.019853964078054474,9.169729469048297,0.0
20.578793521069116,2.21866606296548,-0.04879302307277262,-0.028485929370872694,-0.01900146240371625,9.108320526180119,0.0
20.678038903812702,2.317868364623303,-0.05171171812605932,-0.030324203224557467,-0.018022688306077776,9.046790233477694,0.0
20.777249971733912,2.4170310080687805,-0.054806646628106345,-0.032058561884031604,-0.016919799642235632,8.985422190985606,0.0
20.876433697711903,2.5161610098357685,-0.05806700764397844,-0.033676987273987914,-0.01569493345657985,8.924145246394747,0.0
20.97559816206457,2.61526658743311,-0.061480903288691505,-0.03516767377321118,-0.014350187238575436,8.86293407731734,0.0
21.074752433061757,2.7143570421478085,-0.06503535724788911,-0.03651901036950959,-0.012887602523277898,8.801726096242232,0.0
21.17390655949802,2.8134427523917256,-0.06871633239581336,-0.0377195622667259,-0.0113091476128181,8.740432044265885,0.0
21.273071566836315,2.9125351690964223,-0.0725087439955176,-0.03875804991875581,-0.009616700559877895,8.678944316781305,0.0
21.372259455291832,3.011646811476011,-0.07639646799074595,-0.03962332551226563,-0.007812032571401222,8.61714458295455,0.0
21.4714831974101,3.1107912606607178,-0.08036234385211619,-0.0403043469363897,-0.00589679200879912,8.554911364917887,0.0
21.570756731448128,3.2099831474528586,-0.08438817137933687,-0.04079014931225082,-0.003872489195237704,8.49212760863951,0.0
21.670094945474144,3.3092381290536963,-0.08845470080595592,-0.04106981422115429,-0.0017404822898643233,8.42868784668286,0.0
21.769513646161606,3.4085728486536073,-0.09254161554325546,-0.0411324368766207,0.000498035459155676,8.364504327615183,0.0
21.86902950653522,3.5080048720365355,-0.09662750698499827,-0.04096709162579962,0.0028420467390148293,8.299511490190243,0.0
21.968659988984342,3.6075525973751605,-0.10068984100898974,-0.04056279631194362,0.005290719143841129,8.233668376080194,0.0
22.068423243592242,3.70723513808631,-0.10470491614427258,-0.03990847613613515,0.007843411835602138,8.166958918836027,0.0
22.168337986377814,3.807072183118934,-0.10864781375952788,-0.03899292767928591,0.010499679758087245,8.099390392750294,0.0
22.268423366198604,3.9070838431525905,-0.11249234097401026,-0.0378047836623211,0.013259275409645369,8.030990545486734,0.0
22.36869883191112,4.0072904939866785,-0.11621096721359526,-0.03633247884017167,0.01612214830997232,7.961804028898965,0.0
22.46918401270836,4.107712629684027,-0.11977475538749596,-0.03456421716914164,0.019088442393461493,7.8918887040962,0.0
22.569898624736933,4.208370738178458,-0.12315328854049484,-0.03248794008380044,0.022158491624174752,7.821312281743515,0.0
22.6708624167129,4.30928521163879,-0.12631459255209487,-0.030091295384866174,0.025332814164389362,7.750149615786985,0.0
22.772094677911202,4.410475814683727,-0.12922504164122023,-0.02736161986520396,0.02861208938335127,7.6784808266665365,0.0
22.87361028752876,4.511957689551151,-0.13184918308356408,-0.02428604304961888,0.03199701226461653,7.606390514642328,0.0
22.975416617937952,4.613738207394288,-0.1341496579181501,-0.02085164490674999,0.035488151783778094,7.5339704785199615,0.0
23.07751356347341,4.715816937335537,-0.13608726481108258,-0.01704556647385906,0.03908589961094263,7.4613219357950085,0.0
23.179893942702478,4.818185983364211,-0.13762106730511506,-0.012855117600779247,0.04279042835485408,7.388555623163042,0.0
23.282543972688384,4.920830389028027,-0.13870853385178605,-0.00826790371363339,0.04660097745754312,7.315791487321298,0.0
23.38544374428672,5.023728540974896,-0.13930571707579115,-0.00327212753884077,0.0505138286179437,7.243586784552635,0.0
23.488567982323143,5.1268528490772,-0.13936748506153876,0.0021431272666914926,0.05452437912006335,7.17217593840806,0.0
23.591885905509084,5.230169526979375,-0.13884778683664276,0.007987745774552912,0.058627812266995705,7.101821057235441,0.0
23.695361345200244,5.333638632920346,-0.13769996114553917,0.01427045725759237,0.06281910156781463,7.032809141064395,0.0
23.798952671290422,5.437213920585276,-0.13587708803994836,0.020998697169720054,0.06709300993130916,6.965445747027512,0.0
23.902612504374368,5.540842481753301,-0.13333239331831584,0.028178449377220024,0.07144408167155429,6.900045243937607,0.0
24.006287220370144,5.644464190227343,-0.13001971805775706,0.03581406328749723,0.0758666263484458,6.836918180651638,0.0
24.109916287181147,5.7480109906966765,-0.12589406577770712,0.04390804306069953,0.08035469510741629,6.77635642887111,0.0
24.21343151155945,5.851406115558855,-0.12091223703635041,0.05246081055409715,0.08490205218856944,6.718616559417532,0.0
24.31675797024765,5.9545650061618405,-0.11503345273980681,0.061470598233368576,0.08950222065842432,6.663901512302807,0.0
24.419824176632574,6.057405469599787,-0.10821932398357977,0.07093423826230363,0.0941489512175543,6.61234005645494,0.0
24.52256951078723,6.159855091814828,-0.10043348369681317,0.08084796963557803,0.09883659763059627,6.563961895067516,0.0
24.62494589123726,6.261852889886743,-0.09164125562622302,0.09120786841546727,0.10356024350956018,6.518679663915806,0.0
24.726919707963997,6.363351209851643,-0.08180911210407145,0.10201036508888979,0.10831584001778538,6.476284814984344,0.0
24.82847428699327,6.464318126608582,-0.07090385522104412,0.11325288709524661,0.11310036823036643,6.43646176273791,0.0
24.929612647089712,6.564740090546194,-0.058891492570113016,0.12493461515172427,0.11791201670865646,6.398820382518488,0.0
25.030360258198076,6.664624513184525,-0.04573580329053728,0.1370573272051019,0.1227503617402837,6.362936850138872,0.0
25.130767481872997,6.764001954750065,-0.031396620113957684,0.1496262896749679,0.12761653565893238,6.328389956154872,0.0
25.23091135779587,6.862927562375061,-0.01582788750892617,0.1626511421579445,0.1325133673180025,6.294785686792268,0.0
25.330896388740655,6.961481400155652,0.0010244051302187931,0.1761467083380271,0.13744547766976617,6.261769946578929,0.0
25.430853978698092,7.059767321647622,0.01922427498805348,0.19013365388608572,0.14241931287526272,6.229032802072654,0.0
25.530940191380676,7.157910058117935,0.03884759814157651,0.2046389013372005,0.1474430971546387,6.196308019078482,0.0
25.631331530139228,7.256050243589926,0.05998353519714504,0.21969570389402487,0.15252668811719253,6.1633708086448955,0.0
25.73221835992388,7.35433703934766,0.08273522864496863,0.23534325375254359,0.1576813115183638,6.130035759338534,0.0
25.833792550988772,7.452915105670392,0.1072186367149095,0.251625185349859,0.1629189920270935,6.096156241134304,0.0
25.93622828428221,7.55190509293636,0.13355850380226508,0.2685865776069754,0.16825160372049147,6.061626741663685,0.0
26.039663901271194,7.651385529943925,0.16188273652158502,0.2862705452966399,0.17368992562422914,6.0263882333934315,0.0
26.144185632497685,7.751377053222964,0.1923153055788855,0.30471456594716334,0.1792427366361728,5.990433842466509,0.0
26.249812964910785,7.851828898902999,0.22496756505347454,0.3239465203607378,0.18491592515318225,5.953815468053604,0.0
26.356486029744758,7.952608199686102,0.2599280788549527,0.3439805317505031,0.19071161796175404,5.916650766841118,0.0
26.464055193741792,8.053492442131773,0.29725107992005595,0.36481267195194345,0.1966273220249481,5.879129514143344,0.0
26.572272745148233,8.154165151945046,0.3369436457664718,0.3864146486703063,0.20258419048628257,5.841518188301371,0.0
26.680786616828655,8.254215302911861,0.37895086395554484,0.4087078331786945,0.2082040803139025,5.804399077205145,0.0
26.78913617982158,8.35314163588526,0.4231379744424343,0.4315363672242053,0.21301461148725134,5.77026082684351,0.0
26.89675135765754,8.450362284139231,0.46927245652643135,0.4546628163637851,0.21654336921733464,5.735394745996974,0.0
27.002932745637235,8.545208873006855,0.5169986744212264,0.47776816545315626,0.21835405266161081,5.697955938138673,0.0
27.10685027449719,8.636938386004717,0.5658222832254731,0.5004642352264198,0.21809209342404157,5.657610799776867,0.0
27.207540787951004,8.724742864242234,0.615099298343672,0.5223154593348189,0.2155336752548729,5.614488664776598,0.0
27.303907022171984,8.807757140059918,0.6640327164444378,0.5428696233506612,0.21063136405079178,5.571536760169673,0.0
27.394774184196,8.885110114761043,0.7117077819698384,0.5617059000305351,0.20354394350476945,5.531044580794618,0.0
27.479048388343,8.956051645837418,0.7571956455625451,0.5785000550142317,0.19462841995603378,5.482401664090029,0.0
27.55590687962392,9.020092260318442,0.7996909990131317,0.5930784447323907,0.1843831338210123,5.435488937732528,0.0
27.625114739258258,9.077237355965849,0.838730417524828,0.6054668430123964,0.17332636572379884,5.390730999830903,0.0
27.687289614809533,9.128172220323036,0.8743858850073487,0.6158940535279842,0.16183868320965225,5.348304127498566,0.0
27.744092814682997,9.174390392671878,0.9074080848192874,0.6247570156558757,0.15000197988434993,5.308006538954471,0.0
27.79819911105422,9.218150967020257,0.9392278489638246,0.6325401377737088,0.13749021480301676,5.269032147206727,0.0
27.85298717355761,9.26222085834312,0.9717790359590035,0.6396969474008439,0.12354575738002765,5.22976453172102,0.0
27.912087426763666,9.30951225410068,1.0072245167347842,0.6465182848413352,0.10704825657671664,5.187688526235537,0.0
27.978951313156703,9.362746886775225,1.0476832401331537,0.6530056019963187,0.08671838712739953,5.139480114697596,0.0
28.056249294415576,9.423999835960856,1.0948340725222652,0.6587384410718898,0.061291482054463386,5.081246235986533,0.0
28.145311176603144,9.494304424469666,1.1495115384846883,0.662812059322788,0.029835117893680405,5.008928879048668,0.0
28.245906323577234,9.573548357595318,1.2114828247348979,0.6639313458918835,-0.007929414604852657,4.918634668913591,0.0
28.356340631400705,9.660610941669361,1.279430147043686,0.660670388964838,-0.0514179279959899,4.806673389101288,0.0
28.473842535632283,9.753676111916992,1.35117053534593,0.6518330689287234,-0.09917592418932096,4.68300793020891,0.0
28.595114031709656,9.850600429089425,1.4240623805158514,0.6367804335124356,-0.14907476735180789,4.557969745038134,0.0
28.71690216130632,9.949245401118107,1.4954870702808885,0.6155939163702056,-0.19864647578950587,4.4385938260324505,0.0
28.836461213634035,10.047730654726433,1.5632662244378122,0.5890196722782834,-0.24547058151849654,4.332199803501261,0.0
28.951852468713984,10.144620311157224,1.6259218289309445,0.5582318754980822,-0.28753475870897693,4.246673507534126,0.0
29.062004137745884,10.238992341067826,1.6827114539877206,0.5245383379449836,-0.32345718555062447,4.2002147035291655,0.0
29.166625643334374,10.330438792756741,1.7335138040765297,0.4891306401972846,-0.35254009229101985,4.162613988901551,0.0
29.265905009781765,10.418887554488082,1.778581068581463,0.45298793135553345,-0.3746393301953873,4.120962672903109,0.0
29.36052557257171,10.50468728299051,1.8184509419735886,0.416766911066799,-0.39003854687078676,4.100751398645926,0.0
29.45154461139252,10.588554112224712,1.8537962179208776,0.3808040478585939,-0.399327203894389,4.085605584470878,0.0
29.5400802172539,10.67131205547406,1.8852350129390978,0.3452350859804919,-0.4034063062816471,4.068072548006335,0.0
29.62719476359758,10.753786191819684,1.9132685155712383,0.3100805264498743,-0.4029943163166236,4.0406630313766225,0.0
29.713787595856246,10.836691419290705,1.9382508934881801,0.2753486932489817,-0.3985585697859248,4.011565134165558,0.0
29.80054682318859,10.920571153062848,1.9603999408875048,0.24109875154076035,-0.39038357256689493,3.9810496410299505,0.0
29.887919702197873,11.005753780898907,1.979824696807938,0.20747808370775794,-0.37863176959953954,3.9501171434292273,0.0
29.976133064660058,11.092360657205534,1.9965698070011457,0.1747252258875366,-0.3633862540198341,3.9206996930637485,0.0
30.065232908646035,11.180337979344706,2.0106593885605935,0.1431560176840359,-0.34467290924632715,3.888579482847237,0.0
30.155133523154582,11.269503054015287,2.0221336795564433,0.11314185744477347,-0.32246520476779095,3.831068606403872,0.0
30.245673822394753,11.359601621296994,2.0310753428472483,0.08508572459694179,-0.2966753392459631,3.7715669330203627,0.0
30.336682206699148,11.450376048496457,2.0376241569995845,0.05940042454265853,-0.2671334768415948,3.72243093579552,0.0
30.4280517447674,11.541644577617225,2.0419802082412812,0.036494201817845136,-0.23355363448106659,3.675572934367354,0.0
30.519792138586105,11.633356683315228,2.044396918236127,0.016777511171404417,-0.19549594890770905,3.6242160665064005,0.0
30.61202490720076,11.725590033030477,2.045172154921672,0.0006956223584354708,-0.15234568555255978,3.563388870030877,0.0
30.704964258684832,11.81853148661281,2.0446472834806624,-0.01123070150899025,-0.10330711868147148,3.488244534282163,0.0
30.79889270404352,11.912451532717938,2.0432164147962077,-0.018362182914272104,-0.04742465247626592,3.3932355851543496,0.0
30.8941357683117,12.007676667820398,2.0413460267694727,-0.01990859452990481,0.016030212845291485,3.271753047215793,0.0
30.991035390200754,12.104558906168778,2.0396004195913586,-0.01498615187444065,0.0864033063686971,3.116387871093897,0.0
31.08992076147093,12.203436036256173,2.038663454982158,-0.002713035912588531,0.16235703130397755,2.958149426744405,0.0
31.191086632982344,12.304593355062256,2.0393554012715565,0.01773959103402261,0.2421606578378932,2.8044868985703624,0.0
31.294789410191818,12.408235202743391,2.0426431431522274,0.0470948496483625,0.32378817436560137,2.6612466458899697,0.0
31.401245728769876,12.514449990833876,2.0496408312278542,0.08592419530943611,0.40516763856537086,2.537133164950267,0.0
31.51061071085481,12.62314670320383,2.061596299752666,0.1346223485621283,0.48464329858081234,2.406692863440157,0.0
31.62284570881505,12.733877177933607,2.079838825180439,0.193378746670888,0.5616641573185335,2.4931268894840204,0.0
31.73800731224029,12.846070868629951,2.105776403015001,0.2624735620776502,0.6379761372730227,2.616693904131936,0.0
31.855003225027147,12.957785667282014,2.140494695876804,0.3416757356542272,0.7160509178605533,2.74996570094074,0.0
31.972564735112147,13.066707347406282,2.1846761765031935,0.430608406638593,0.7971712918727857,2.582021512199493,0.0
32.08824226237874,13.169371763680763,2.23790214635024,0.5275648999069781,0.8791721139115285,2.40642290340564,0.0
32.20114992231108,13.263850118085687,2.29962491135764,0.631297449614417,0.9575984928911117,2.218605364365271,0.0
32.310011146400704,13.348121692893711,2.3684279084529556,0.739300637287095,1.0248513267942776,2.0104389971719794,0.0
32.41327188290491,13.420519661586734,2.4419508248756285,0.8477375210527742,1.0725604434211118,2.0349520477936345,0.0
32.51002112905372,13.480609995172603,2.517685651627432,0.9527805045372418,1.0954282467639647,1.7927337287969984,0.0
32.596720410969674,13.527402426071674,2.5906106745661304,1.0478273843826325,1.0942818267219254,1.8973481593980208,0.0
32.679715151067384,13.565543092788035,2.6642728160625424,1.1379730858817818,1.0759712712679106,1.6686037986571223,0.0
32.756929048985164,13.595002913096872,2.7356115780906465,1.2200002134679209,1.0474601530437417,1.817209226910838,0.0
32.83500387150899,13.618838707427129,2.809929782266166,1.300398469586508,1.011336332328457,1.6064720876935643,0.0
32.912608453261385,13.636651262827344,2.8854398104793813,1.3773599038704674,0.971849377383513,1.7618851492144039,0.0
32.9925123159239,13.648996537663105,2.964365579024576,1.4533666519596686,0.930747747690337,1.5494311344568321,0.0
33.072589766822674,13.655450182580903,3.0441691042252796,1.5263168283368842,0.8916680862483438,1.70253204992813,0.0
33.15311207336785,13.656180155096232,3.124678853818932,1.5966675816727924,0.8563002845318269,1.4927328348273268,0.0
33.23138282692337,13.651566393477202,3.2028080850800325,1.6625081959031809,0.8267414393988268,1.6107616723709082,0.0
33.30695688806412,13.64232132922664,3.277811542349371,1.7240741387691254,0.8031882505690542,1.4609223291025624,0.0
33.37758192945531,13.629578634379031,3.347275960021825,1.7801626741935566,0.7857103512370752,1.5512015676193471,0.0
33.443393994227726,13.614250050233434,3.411277039473603,1.8314474203921867,0.773263736312141,1.4482192151460145,0.0
33.503841582430894,13.597316915187179,3.4693036347667214,1.8779258967493495,0.7648965718517619,1.5608626049759915,0.0
33.559982201997315,13.579202431793872,3.5224406457851347,1.920709039297095,0.7595117532186895,1.4012111109228351,0.0
33.613924357846045,13.559678121438866,3.572724306536036,1.9615845842400401,0.7562271291942035,1.5274837450585932,0.0
33.667103790813634,13.538438009361181,3.621476373499116,2.0017497800342845,0.7544810404106894,1.5047952261362163,0.0
33.72398402578214,13.513575048778744,3.6726323732896797,2.0446429944082247,0.7538295504327976,1.6760532032587017,0.0
33.78567132869629,13.484159552597186,3.726850394669715,2.0911486787493128,0.7540262057035311,1.8746079020735888,0.0
33.85663112823884,13.447248175435142,3.787446207469701,2.1446795636323635,0.7547357331333949,2.065860223691196,0.0
33.93778910285303,13.401127811853172,3.8542106757824404,2.2059591400948717,0.755261054222577,2.257549984368034,0.0
34.029665390224146,13.344097804141963,3.926217242985616,2.27532034990514,0.7542893128738666,2.4442610566756313,0.0
34.13076607588764,13.275754668455965,4.000676579503412,2.3513883423961977,0.749937092462357,2.619484293080025,0.0
34.23867883447173,13.19681823092953,4.074197769033526,2.431836592709584,0.7402748529830714,2.7770524339745295,0.0
34.35090425019728,13.10878553576718,4.143726851598099,2.514052265682739,0.724045276856134,2.7254949662854693,0.0
34.46616661963506,13.012809055499279,4.2074660652595375,2.59622415934432,0.7009542973367767,2.727564628132702,0.0
34.58172392392072,12.911738024313479,4.263392509390152,2.6756033108095676,0.672263894695177,2.7420655072860853,0.0
34.696604736342024,12.80725383039286,4.311056464542343,2.750992364638247,0.6398430551723404,2.786284560684534,0.0
34.810486034936865,12.700495044418433,4.350609647584066,2.8219210965979165,0.605725175030754,2.8607525182620774,0.0
34.923429347403726,12.592166078073202,4.382477848630432,2.888406974534002,0.5717641328400408,2.963480927471321,0.0
35.03573928163872,12.482622583020149,4.407168665039351,2.950788390935109,0.5394852984577279,3.065545883628175,0.0
35.147569076248516,12.372256149756746,4.4251155218268154,3.0094487871306574,0.5101590230160676,3.1534045650136755,0.0
35.25895826401709,12.26148174906609,4.436702591514978,3.064818674226129,0.48458796387614406,3.235463912470555,0.0
35.36995221024586,12.150636452965301,4.442283096912647,3.1173537743371127,0.46253663523947247,3.299467533785563,0.0
35.480515628291165,12.040079991759516,4.4421759729599986,-3.1157662989842017,0.4435133021528985,3.3727137800487506,0.0
35.590672141931954,11.9300669692591,4.436677131686695,-3.0678380155863274,0.4270041015031948,3.4614993782845396,0.0
35.7004522942271,11.820807832785867,4.426054389588681,-3.0217712102992147,0.4125093415939743,3.564106754276778,0.0
35.80987075718435,11.712498717514467,4.410553912954246,-2.977353987305639,0.3995574443127338,3.6759888752422794,0.0
35.91891892112033,11.605333378156935,4.3904096637734575,-2.9344357859111376,0.38770967796455935,3.792691660402175,0.0
36.02756214144415,11.49950820553672,4.3658529704205655,-2.8929229113253854,0.37656236318832514,3.9111495392814137,0.0
36.13572925986666,11.395232741793414,4.337124042878318,-2.8527767384508347,0.3657500607855621,4.026946807707957,0.0
36.24334378406692,11.292698634515682,4.304471297143746,-2.813996245308145,0.3549456305943659,4.138759609199447,0.0
36.35031528046959,11.19208700829443,4.268156777237234,-2.7766158020740477,0.34386496748055856,4.24629333410913,0.0
36.45653432858294,11.093571548109283,4.228461103547744,-2.740700661014467,0.33227124701112354,4.349535307671801,0.0
36.5618722148445,10.997316737269786,4.185686276615645,-2.706340059024483,0.31997812846382767,4.448519472068613,0.0
36.66618523105068,10.903472111780541,4.140155203352765,-2.6736384559177186,0.3068510915057321,4.543259288015533,0.0
36.76932375126361,10.81216315032299,4.092207006047228,-2.6427055096338656,0.29280595851578656,4.6337373107356,0.0
36.87114601347861,10.723479593912952,4.042187592130717,-2.6136456733889557,0.27780387975612375,4.719915550425704,0.0
36.97153574338,10.637462491296883,3.9904357347144703,-2.5865486495964936,0.2618425898246111,4.801753619434428,0.0
37.07042165626695,10.554091851030053,3.937265975967886,-2.561482157153249,0.2449444664769128,4.879228436164554,0.0
37.16779580902006,10.473277181896716,3.8829507753889936,-2.538488394656324,0.22714264802154036,4.953374213660219,0.0
37.263711180667286,10.394866154008792,3.827714458691877,-2.5175884622284297,0.20847017793016778,5.023798583404052,0.0
37.35831036754508,10.318627541790665,3.771710842935559,-2.498782256121928,0.18894361778923208,5.090351084738749,0.0
37.451824094451986,10.244258802649863,3.715019022187023,-2.482058335772865,0.16855266560232354,5.155919659841377,0.0
37.54451480606533,10.17143480162948,3.6576761484481914,-2.4674132549261665,0.1472640257394573,5.077963726829698,0.0
37.6366484995987,10.099830110022488,3.599698012180111,-2.4548613448587404,0.12502306567683633,5.006399652552434,0.0
37.728639278198344,10.029006664162637,3.540990951022509,-2.444423775043456,0.10171307967796075,4.937313134913095,0.0
37.820870469335205,9.958551691343855,3.481468216037265,-2.4361642616025665,0.07719172639520282,4.866376852399916,0.0
37.91367305332012,9.888088582279819,3.421072693659254,-2.4301924022346957,0.05129530532212347,4.789221221309636,0.0
38.00731338880752,9.817280266258653,3.3597936966547035,-2.42666365094322,0.02384190587841962,4.70166509598059,0.0
38.101988716141605,9.745827104345938,3.2976781866955216,-2.4257770747825815,-0.005366090778135251,4.599809174313206,0.0
38.197827730972094,9.673461982317685,3.2348379033023305,-2.427771770745555,-0.03653873425915934,4.494463554872355,0.0
38.29489468381901,9.599944239200612,3.171453327206539,-2.432922318318746,-0.06989265950003563,4.392948565991709,0.0
38.39319974283626,9.525050707887813,3.107772737504991,-2.441533665794335,-0.10564172284638292,4.296432838143808,0.0
38.492713684049306,9.448565479335052,3.0441078464302853,-2.4539334431900723,-0.14388138384069532,4.205419790454754,0.0
38.59338601256193,9.370269726371063,2.980826057447353,-2.4704385610904245,-0.18424995208057762,4.120459195159134,0.0
38.6951591701122,9.289938575807478,2.918342734262496,-2.491316827814194,-0.22617390051556321,4.042031693817165,0.0
38.79797690043622,9.20734523429215,2.8571154858312005,-2.5167693463630214,-0.2689391682441638,3.970311598608894,0.0
38.90178790430205,9.122270693780138,2.797639924581853,-2.5469130415808583,-0.3116739297960816,3.9049319798424253,0.0
39.00654667276411,9.03451730080486,2.740444806419887,-2.58176178057575,-0.3533502704599435,3.8449401690355303,0.0
39.11221176397396,8.943925463828455,2.6860852860277915,-2.6212081525879136,-0.3928178525584472,3.788982859085951,0.0
39.2187406808219,8.850393354720504,2.6351335782075678,-2.66500904927827,-0.4288800254563514,3.735527608425424,0.0
39.326080043601486,8.753899596087281,2.588166514686111,-2.7127788696121073,-0.4604145406987671,3.681308482610386,0.0
39.434146629425854,8.654531689508556,2.5457506684715607,-2.763992523616195,-0.4865263897080728,3.623445158468741,0.0
39.54280636338585,8.552512529932438,2.5084209108720783,-2.8180041883835396,-0.5067073780890224,3.562307720017484,0.0
39.65185723571635,8.448217412479583,2.4766519802587066,-2.8740855680202166,-0.5209622552718897,3.4977503228009588,0.0
39.760998368088636,8.342197166893952,2.450831140730149,-2.9314703627242125,-0.5298596203116056,3.429369639814178,0.0
39.86980665183262,8.235187413497906,2.431226376333463,-2.98940653220839,-0.5344929847296428,3.3567029591868187,0.0
39.97774504319617,8.128080114810537,2.4179530730279897,-3.047218479590057,-0.5363592276072081,3.279376589218612,0.0
40.0842094551147,8.021851445473647,2.4109526297636314,-3.104371779411489,-0.5371875038600009,3.1971786626238714,0.0
40.18861021886835,7.9174542228285665,2.409996872414444,3.122653526205686,-0.5388143718265771,3.110057660611369,0.0
40.29047654358357,7.815692909314117,2.414726455131749,3.06757459903931,-0.5429336795736277,3.018053268138645,0.0
40.3895538595514,7.7171141845845845,2.424719780737412,3.0134268305519862,-0.5505777539763148,2.9211769813081876,0.0
40.48584974125753,7.621963832587895,2.439572650898407,2.9598729466075877,-0.5622312460501107,2.8192743265005014,0.0
40.57960437493489,7.530230497751807,2.458962856517976,2.906446528786707,-0.5780263720638863,2.71190694156666,0.0
40.67119758523855,7.441757394684851,2.4826794667333645,2.852619716471534,-0.5978528504892195,2.598280157549638,0.0
40.76102615525309,7.356380548848435,2.5106096495452883,2.7978808707918676,-0.6213656611854182,2.4772141634965887,0.0
40.849386860711334,7.274051593780636,2.542688571034537,2.7418206027368073,-0.6478996832180359,2.347131270938546,0.0
40.93638703361245,7.194918530857429,2.5788240417489128,2.684224961497997,-0.6763250132635107,2.4298202063396066,0.0
41.02213128824177,7.119144030937952,2.6189278189734053,2.625001888800773,-0.7049868407621322,2.53272285445471,0.0
41.1057513810596,7.04771434897545,2.6623728362249834,2.564930772998852,-0.7313494886687243,2.638380828748339,0.0
41.18653379464204,6.981355480043743,2.7084078563569998,2.5049590596168803,-0.752603145343399,2.7390388716317418,0.0
41.26366671291065,6.920715084801632,2.7560426284451798,2.4463434639259973,-0.7660715287635941,2.831203647319478,0.0
41.336307518750104,6.866269102617674,2.8040992495369985,2.3905053259381344,-0.7698611706131621,2.913361917955487,0.0
41.40372529273041,6.81821091918468,2.8513561437814365,2.338769118349078,-0.7633892809113768,2.8834414783902558,0.0
41.46546506456955,6.776383161750336,2.8967488956241536,2.2920809022232684,-0.7476175251927042,2.7914182795923868,0.0
41.521744738865664,6.740114538477804,2.9397697103086102,2.2506142163481235,-0.7248335581694929,2.7232372418233783,0.0
41.57358525733998,6.708283665453825,2.9806769725727684,2.213734471098313,-0.6970834292709603,2.710517687990991,0.0
41.622903781673266,6.679391265755823,3.020638320390133,2.180123671127611,-0.6652028631399574,2.740278307645267,0.0
41.67256578158631,6.651636552996085,3.06181348929115,2.147986947078603,-0.6283918378825731,2.7831910391574093,0.0
41.72622609668186,6.623103830629457,3.1072513711887004,2.1154366928699786,-0.5842241847360125,2.829162280678501,0.0
41.787760345662306,6.592148083532819,3.1604226640455044,2.0811601083522846,-0.5292959415039689,2.880604670565266,0.0
41.860309369628155,6.557882412410431,3.2243581720961614,2.0452334718772422,-0.46068421999169934,2.96283873980694,0.0
41.94550322665228,6.520371766777477,3.30083825795041,2.0095164936001204,-0.3776538193114452,3.059886289127205,0.0
42.04312396155329,6.480404392635929,3.389896077019348,1.9773003306482446,-0.2826653323929024,3.160594995930908,0.0
42.15127908979674,6.438976193369765,3.489806457948219,1.952278471384108,-0.18080072483675938,3.2524666470016212,0.0
42.26701896387661,6.396789601724992,3.5976009701392764,1.937374894411657,-0.07784023026562785,3.1660230666167077,0.0
42.38730668314637,6.353964160674438,3.7100340214266905,1.9340757947650573,0.02172266380869638,3.1041770389862466,0.0
42.50861187688817,6.310482664570077,3.8233096342684956,1.942417562461043,0.1145406125381598,3.010577440892733,0.0
42.628354581963066,6.266034824641481,3.9345271515877784,1.9612686183014243,0.19910826410205246,2.8597908038923245,0.0
42.744751331564856,6.220316806761531,4.0415949217782945,1.9889235128589977,0.27493572727411897,2.670711277207175,0.0
42.85673697025936,6.173136811479858,4.143176944690951,2.0235434439597513,0.3424597468540924,2.4969510563690154,0.0
42.963953767507206,6.124362549233103,4.2386713564304666,2.0635718580715317,0.403654161377062,2.3464800643070203,0.0
43.06622329572829,6.07404233222588,4.327712498173537,2.107760938222324,0.46016955190509146,2.4075593983493393,0.0
43.163552426809304,6.022323212468836,4.4101651658034315,2.1551329396550716,0.5130613509613693,2.513472916463714,0.0
43.25498998853267,5.970051861457469,4.485185939557239,2.2043047223576777,0.5623299317259975,2.62868071503986,0.0
43.34048134674676,5.91776050207413,4.5528136178803615,2.254339153792249,0.6080702269683591,2.4940382048440886,0.0
43.41989764136571,5.866104429262433,4.613125350683571,2.3043031334923563,0.6500842463025039,2.3533759032659853,0.0
43.49434295425823,5.814920856837313,4.667173139743824,2.354141873346435,0.6886917145473402,2.212860878385436,0.0
43.56479787267758,5.763993541319479,4.71584638851718,2.403917009239258,0.7240654031209496,2.068566527964347,0.0
43.632256888647845,5.7129693041456955,4.75995988322868,2.45385877027482,0.7563252354640466,1.916115800670853,0.0
43.69772183610478,5.661366978306486,4.800228563356211,2.50433809919134,0.7855225770676884,1.7506378000809013,0.0
43.76215906957938,5.608621224062242,4.837224017962496,2.5558079847405057,0.8115886707082542,1.8906550576065413,0.0
43.82648851421841,5.554108268296423,4.871357524937157,2.608763357829116,0.8342922789028605,2.046332514939784,0.0
43.89114190075696,5.497556903903682,4.902667634446415,2.6633301353679695,0.8530898506062339,1.8843951869980167,0.0
43.95687838986465,5.438379283105914,4.93125765891103,2.7199033134578383,0.8674165675860183,1.7069243825916018,0.0
44.024036883763436,5.376341257745493,4.956936329152066,2.7784897062617917,0.8764936816897053,1.8708942287046437,0.0
44.092416734466,5.31173586332212,4.979288243628523,2.8385604169298757,0.8796351161853845,2.0457093748367283,0.0
44.162116149656505,5.244623521794835,4.998035381676657,2.899799293334054,0.87679765363717,1.989057841842569,0.0
44.23318743586984,5.1751421222211675,5.012897410024392,2.9618370531669598,0.8682766644995731,1.8093113424028986,0.0
44.30546919571961,5.103673929294303,5.023591226139996,3.024126861667154,0.8546444970342362,1.9726267039268546,0.0
44.37824346525181,5.031188955659475,5.029882332331702,3.085692486431207,0.8368423065054944,2.14392892709955,0.0
44.45190119607633,4.957570526270947,5.031747747690199,-3.1366196591823274,0.8156736269079178,2.3013869570213807,0.0
44.526501574838875,4.883030489616612,5.029129751884422,-3.076645350394051,0.791973209128747,2.44536870397859,0.0
44.60234370917858,4.807540959959841,5.021962538480172,-3.017544413388171,0.766412351840678,2.5763515572988767,0.0
44.67993071197914,4.730877316204356,5.0101066337746545,-2.95912382756204,0.7394593576933874,2.6954266884492406,0.0
44.75998553482028,4.652620487989946,4.993288233609174,-2.9010507445700213,0.7113584675946162,2.7985749508169775,0.0
44.84343745216662,4.572198036802971,4.97104648180202,-2.8429064890356193,0.6821317430693618,2.740959409231061,0.0
44.93168644978789,4.4886729305011075,4.942592460985595,-2.784062040705737,0.6514769058308373,2.7181693690091757,0.0
45.02539059926999,4.401927396060887,4.907183522522365,-2.7245292018195175,0.6191459716518849,2.740607562004033,0.0
45.12490739114372,4.312210315736469,4.8641432911431215,-2.6646216573809616,0.5846993747669086,2.784925299671971,0.0
45.2303494609648,4.220048572627384,4.81293631795926,-2.6049226775965884,0.547380725542077,2.852804275570399,0.0
45.34133933596631,4.126393453152918,4.753394438005508,-2.546431196687213,0.5061196455823341,2.93759444901896,0.0
45.45703003981431,4.032483647579248,4.685844887667864,-2.490520934265847,0.4597693176797719,3.035006922365366,0.0
45.576379092352134,3.9395003348593023,4.611036391768009,-2.438689104602058,0.40814811313049515,3.1323406242662775,0.0
45.6982814699754,3.8483937660685985,4.530050709602813,-2.39233032988004,0.3518506345285532,3.205658221016013,0.0
45.82137210207684,3.7600000594686165,4.444388752984604,-2.3526731339432017,0.29202640352195397,3.245117295357238,0.0
45.94408594108091,3.6749935835355068,4.355879424712021,-2.320612291089153,0.23014457502565022,3.268578582141268,0.0
46.06473457077054,3.5938872816912077,4.26654846918605,-2.2965936972526855,0.16776782028274814,3.3282684663147335,0.0
46.18163987527543,3.517042716893219,4.178433625190563,-2.280560660377379,0.10637648467458695,3.436449805167484,0.0
46.293328637063915,3.444664623841957,4.093356856575586,-2.2719784025196152,0.04724305285682148,3.553540933172125,0.0
46.398490550433465,3.376938177812164,4.012896235929408,-2.269943177760099,-0.00852450511797273,3.674821855389505,0.0
46.495887696298034,3.3141597615753136,3.9384232522112286,-2.2732799170666844,-0.059917424024669444,3.764405970959736,0.0
46.58431993742803,3.256795493214896,3.871116280221298,-2.2806228928876857,-0.10602667918548535,3.8211671383129513,0.0
46.66275445117123,3.205400221612533,3.8118645324056404,-2.2905190350226845,-0.14616023330206038,3.844042656892874,0.0
46.73057230213056,3.1604241401561577,3.761105335394585,-2.301584514968876,-0.18001006257177507,3.863518097190178,0.0
46.787943848599994,3.121899569601341,3.7185922603468406,-2.3127139756398507,-0.20782387073745923,3.879403483931212,0.0
46.87775336586515,3.060559045100991,3.65299571555907,-2.3332652845882245,-0.24938735671957882,3.891326790660126,0.0
